day,energy_demand_kwh,cid,freight_forwarder
2021-09-07,12.578284,0,1
2021-09-08,104.623538,0,1
2021-09-09,106.343356,0,1
2021-09-10,320.27020200000004,0,1
2021-09-12,10.688259,0,1
2021-09-13,1698.737352,0,1
2021-09-14,998.0646059999999,0,1
2021-09-15,1987.06361,0,1
2021-09-16,1671.7033640000004,0,1
2021-09-16,175.26108899999997,745,2
2021-09-17,1872.4939100000006,0,1
2021-09-17,248.92225000000002,745,2
2021-09-18,12.103667000000002,745,2
2021-09-20,857.1946849999999,0,1
2021-09-20,684.002981,745,2
2021-09-21,2906.417063,0,1
2021-09-21,131.96396099999998,2,3
2021-09-21,59.246948,4,3
2021-09-21,18.888097,20,3
2021-09-21,221.19814699999995,26,3
2021-09-21,665.7967660000002,745,2
2021-09-22,1233.1831709999997,0,1
2021-09-22,482.599903,2,3
2021-09-22,310.07912699999997,4,3
2021-09-22,13.348281,20,3
2021-09-22,796.3371160000002,26,3
2021-09-22,835.4886300000001,745,2
2021-09-23,1157.660777,0,1
2021-09-23,369.661026,2,3
2021-09-23,276.570207,4,3
2021-09-23,187.844837,20,3
2021-09-23,737.059892,26,3
2021-09-23,599.951781,745,2
2021-09-24,1639.5333490000003,0,1
2021-09-24,517.353536,2,3
2021-09-24,116.72923,4,3
2021-09-24,1013.1502690000001,26,3
2021-09-24,625.094593,745,2
2021-09-27,1408.2779710000002,0,1
2021-09-27,290.4135,2,3
2021-09-27,553.287202,4,3
2021-09-27,53.292258,20,3
2021-09-27,660.8298629999999,26,3
2021-09-27,811.8930829999999,745,2
2021-09-28,2958.31893,0,1
2021-09-28,374.294291,2,3
2021-09-28,162.5417,4,3
2021-09-28,40.048543,20,3
2021-09-28,727.9756090000001,26,3
2021-09-28,554.8102439999998,745,2
2021-09-29,510.647023,0,1
2021-09-29,371.95477800000003,2,3
2021-09-29,126.31589500000001,4,3
2021-09-29,1519.670951,26,3
2021-09-29,739.985196,745,2
2021-09-30,2142.954656,0,1
2021-09-30,287.643677,2,3
2021-09-30,177.502513,4,3
2021-09-30,142.761585,20,3
2021-09-30,717.2474749999999,26,3
2021-09-30,809.8456309999999,745,2
2021-10-01,2966.7694630000005,0,1
2021-10-01,432.604916,2,3
2021-10-01,257.179975,4,3
2021-10-01,205.382298,20,3
2021-10-01,951.7015050000001,26,3
2021-10-01,553.2113770000001,745,2
2021-10-02,152.33662299999997,2,3
2021-10-02,16.6647,20,3
2021-10-04,708.7182630000001,0,1
2021-10-04,396.513336,2,3
2021-10-04,41.066869999999994,4,3
2021-10-04,127.136701,20,3
2021-10-04,1373.3757369999998,26,3
2021-10-04,1038.400522,745,2
2021-10-05,2467.259452,0,1
2021-10-05,342.177614,2,3
2021-10-05,125.468843,4,3
2021-10-05,972.245267,26,3
2021-10-05,573.038045,745,2
2021-10-06,884.7637540000001,0,1
2021-10-06,315.735873,2,3
2021-10-06,115.80499300000001,4,3
2021-10-06,40.930962,20,3
2021-10-06,692.6295009999999,26,3
2021-10-06,795.5046980000001,745,2
2021-10-07,2089.723913,0,1
2021-10-07,555.203349,2,3
2021-10-07,59.770092000000005,4,3
2021-10-07,58.418013,20,3
2021-10-07,914.606835,26,3
2021-10-07,736.9511009999999,745,2
2021-10-08,1530.8633399999999,0,1
2021-10-08,782.353076,2,3
2021-10-08,244.3937,4,3
2021-10-08,604.821118,26,3
2021-10-08,850.0632229999999,745,2
2021-10-09,781.0828839999999,0,1
2021-10-10,4.126727,0,1
2021-10-10,17.560764,2,3
2021-10-11,1932.9921860000004,0,1
2021-10-11,287.144604,2,3
2021-10-11,191.08306499999998,4,3
2021-10-11,369.02916200000004,26,3
2021-10-11,924.5697660000001,745,2
2021-10-12,1598.8783359999998,0,1
2021-10-12,260.917008,2,3
2021-10-12,84.7701,4,3
2021-10-12,67.58721899999999,20,3
2021-10-12,826.3915850000001,26,3
2021-10-12,1034.1699870000002,745,2
2021-10-13,596.071508,0,1
2021-10-13,400.213514,2,3
2021-10-13,80.035246,4,3
2021-10-13,32.248687000000004,20,3
2021-10-13,1040.7475550000001,26,3
2021-10-13,1132.932522,745,2
2021-10-14,3087.1718420000007,0,1
2021-10-14,816.34055,2,3
2021-10-14,131.178031,4,3
2021-10-14,144.36422199999998,20,3
2021-10-14,651.72685,26,3
2021-10-14,714.090886,745,2
2021-10-15,1599.5840010000006,0,1
2021-10-15,531.499703,2,3
2021-10-15,85.94652200000002,4,3
2021-10-15,189.964398,20,3
2021-10-15,369.44373099999996,26,3
2021-10-15,855.713747,745,2
2021-10-17,1.888873,0,1
2021-10-17,13.802597,2,3
2021-10-18,929.8610499999998,0,1
2021-10-18,172.823599,2,3
2021-10-18,46.490469000000004,4,3
2021-10-18,690.344445,26,3
2021-10-18,818.029757,745,2
2021-10-19,2280.091839,0,1
2021-10-19,412.461509,2,3
2021-10-19,107.778649,4,3
2021-10-19,222.589603,20,3
2021-10-19,910.392456,26,3
2021-10-19,1007.7196699999998,745,2
2021-10-20,650.566098,0,1
2021-10-20,482.384421,2,3
2021-10-20,86.07552099999998,4,3
2021-10-20,18.209096,20,3
2021-10-20,757.436707,26,3
2021-10-20,15.349915,502,4
2021-10-20,610.0004289999999,745,2
2021-10-21,2984.736779,0,1
2021-10-21,194.65136900000002,2,3
2021-10-21,115.142178,20,3
2021-10-21,678.139037,26,3
2021-10-21,11.82967,502,4
2021-10-21,620.8154890000001,745,2
2021-10-22,1781.1867769999994,0,1
2021-10-22,517.732895,2,3
2021-10-22,131.577121,4,3
2021-10-22,58.545519999999996,20,3
2021-10-22,755.970999,26,3
2021-10-22,2339.834336,502,4
2021-10-22,518.461679,745,2
2021-10-23,556.3360149999999,0,1
2021-10-23,41.360216,2,3
2021-10-23,158.762862,4,3
2021-10-23,85.07601,20,3
2021-10-23,1728.279535,502,4
2021-10-23,15.643594,745,2
2021-10-25,900.6161589999999,0,1
2021-10-25,168.235264,2,3
2021-10-25,189.713455,4,3
2021-10-25,449.605593,26,3
2021-10-25,630.7999649999999,502,4
2021-10-25,359.68644900000004,745,2
2021-10-26,2726.3926739999997,0,1
2021-10-26,415.690439,2,3
2021-10-26,76.97694200000001,4,3
2021-10-26,367.801038,26,3
2021-10-26,1773.163477,502,4
2021-10-26,535.3742229999999,745,2
2021-10-27,1552.0131779999997,0,1
2021-10-27,345.94773,2,3
2021-10-27,224.131259,4,3
2021-10-27,311.85269800000003,26,3
2021-10-27,1042.8500920000001,502,4
2021-10-27,861.5551700000002,745,2
2021-10-28,1874.3411569999998,0,1
2021-10-28,120.81718799999999,2,3
2021-10-28,199.909645,4,3
2021-10-28,425.389534,26,3
2021-10-28,1330.8527480000002,502,4
2021-10-28,793.3376360000001,745,2
2021-10-29,1933.779629,0,1
2021-10-29,273.558312,2,3
2021-10-29,816.6617699999999,26,3
2021-10-29,4155.970193,502,4
2021-10-29,830.4654599999999,745,2
2021-10-30,772.1195230000001,0,1
2021-10-30,36.638009,26,3
2021-10-30,1366.3353510000006,502,4
2021-10-31,1.658523,0,1
2021-11-01,4.31907,502,4
2021-11-01,319.389041,745,2
2021-11-02,1823.344161,0,1
2021-11-02,443.01064,2,3
2021-11-02,136.682141,4,3
2021-11-02,248.085847,20,3
2021-11-02,597.539596,26,3
2021-11-02,770.5055480000001,502,4
2021-11-02,730.488933,745,2
2021-11-03,2801.66406,0,1
2021-11-03,292.253684,2,3
2021-11-03,56.621524,4,3
2021-11-03,70.436436,20,3
2021-11-03,658.1877420000001,26,3
2021-11-03,2132.3965479999997,502,4
2021-11-03,857.927674,745,2
2021-11-04,869.9145329999999,0,1
2021-11-04,146.067786,2,3
2021-11-04,34.39333,20,3
2021-11-04,866.510468,26,3
2021-11-04,4739.262681,502,4
2021-11-04,844.651166,745,2
2021-11-05,2148.262955000001,0,1
2021-11-05,371.912067,2,3
2021-11-05,47.135337,20,3
2021-11-05,979.305364,26,3
2021-11-05,3755.035521,502,4
2021-11-05,655.6124100000002,745,2
2021-11-06,1999.0985579999992,502,4
2021-11-07,1.245044,502,4
2021-11-08,513.6897899999999,0,1
2021-11-08,298.708327,2,3
2021-11-08,576.5691119999999,26,3
2021-11-08,713.2116870000001,502,4
2021-11-08,476.83918500000004,745,2
2021-11-09,2900.7467119999997,0,1
2021-11-09,227.24636700000005,2,3
2021-11-09,490.783001,26,3
2021-11-09,999.0025289999996,502,4
2021-11-09,510.01299200000005,745,2
2021-11-10,1427.5195150000004,0,1
2021-11-10,287.088924,2,3
2021-11-10,465.07487000000003,26,3
2021-11-10,2343.3638889999997,502,4
2021-11-10,496.3777369999998,745,2
2021-11-11,1435.3461470000002,0,1
2021-11-11,156.07264099999998,2,3
2021-11-11,37.739706,4,3
2021-11-11,91.38373900000002,20,3
2021-11-11,88.605853,26,3
2021-11-11,964.365108,502,4
2021-11-11,463.4248590000001,745,2
2021-11-12,3035.6607349999995,0,1
2021-11-12,285.291416,2,3
2021-11-12,19.669589000000002,4,3
2021-11-12,2.962306,20,3
2021-11-12,419.174485,26,3
2021-11-12,4477.9149400000015,502,4
2021-11-12,644.669659,745,2
2021-11-13,121.447641,0,1
2021-11-13,148.937802,4,3
2021-11-13,4726.996832,502,4
2021-11-14,2.393341,0,1
2021-11-15,638.2354160000002,0,1
2021-11-15,276.78385000000003,2,3
2021-11-15,232.59439099999997,4,3
2021-11-15,210.808293,26,3
2021-11-15,814.403298,502,4
2021-11-15,904.84788,745,2
2021-11-16,2080.9459199999997,0,1
2021-11-16,175.127594,2,3
2021-11-16,55.599708,4,3
2021-11-16,522.269016,26,3
2021-11-16,6067.7838360000005,502,4
2021-11-16,586.8999889999999,745,2
2021-11-17,973.685289,0,1
2021-11-17,469.198857,2,3
2021-11-17,60.875368,20,3
2021-11-17,348.52880300000004,26,3
2021-11-17,4865.370259000001,502,4
2021-11-17,635.759137,745,2
2021-11-18,2118.0097810000007,0,1
2021-11-18,269.759861,2,3
2021-11-18,29.127474999999997,4,3
2021-11-18,7.55308,20,3
2021-11-18,807.2061610000001,26,3
2021-11-18,2581.389877,502,4
2021-11-18,721.901524,745,2
2021-11-19,2730.880826,0,1
2021-11-19,423.7397900000001,2,3
2021-11-19,748.3953779999999,26,3
2021-11-19,6192.769622,502,4
2021-11-19,501.55068900000015,745,2
2021-11-20,9.615977,0,1
2021-11-20,87.409382,26,3
2021-11-20,2140.506406,502,4
2021-11-20,22.54094,745,2
2021-11-22,738.9367959999998,0,1
2021-11-22,188.911939,2,3
2021-11-22,72.188505,20,3
2021-11-22,722.2648270000001,26,3
2021-11-22,1583.269832,502,4
2021-11-22,724.6254889999999,745,2
2021-11-23,2836.734725,0,1
2021-11-23,121.21037899999999,2,3
2021-11-23,234.235271,20,3
2021-11-23,1294.789825,26,3
2021-11-23,3118.223494,502,4
2021-11-23,906.194337,745,2
2021-11-24,2242.191854,0,1
2021-11-24,9.909838,2,3
2021-11-24,1400.419551,26,3
2021-11-24,3335.2935279999997,502,4
2021-11-24,1103.508752,745,2
2021-11-25,1834.6828189999997,0,1
2021-11-25,123.947734,2,3
2021-11-25,172.879575,20,3
2021-11-25,718.0757609999998,26,3
2021-11-25,2932.455166,502,4
2021-11-25,699.659678,745,2
2021-11-26,618.09915,0,1
2021-11-26,143.55122799999998,2,3
2021-11-26,25.37623,20,3
2021-11-26,1214.4741999999999,26,3
2021-11-26,5119.886405,502,4
2021-11-26,765.8696769999999,745,2
2021-11-27,4.36514,0,1
2021-11-27,2734.2855130000003,502,4
2021-11-29,1576.7886369999997,0,1
2021-11-29,210.107032,2,3
2021-11-29,1609.3687989999999,26,3
2021-11-29,441.86916800000006,502,4
2021-11-29,921.684733,745,2
2021-11-30,2628.485072,0,1
2021-11-30,511.60015100000004,2,3
2021-11-30,51.216705,20,3
2021-11-30,861.9166749999998,26,3
2021-11-30,1696.324038,502,4
2021-11-30,628.9919279999999,745,2
2021-12-01,1498.5528440000003,0,1
2021-12-01,287.391339,2,3
2021-12-01,8.602675999999999,20,3
2021-12-01,502.724519,26,3
2021-12-01,3133.604358999999,502,4
2021-12-01,532.248464,745,2
2021-12-02,1415.7501200000002,0,1
2021-12-02,205.862012,2,3
2021-12-02,1194.8490040000001,26,3
2021-12-02,1968.4609100000002,502,4
2021-12-02,643.2561189999999,745,2
2021-12-03,1916.531081,0,1
2021-12-03,190.77247599999998,2,3
2021-12-03,326.423783,4,3
2021-12-03,640.136795,26,3
2021-12-03,5984.143118,502,4
2021-12-03,842.090105,745,2
2021-12-04,2162.700944,502,4
2021-12-04,15.794743,745,2
2021-12-06,701.5592019999999,0,1
2021-12-06,273.39163199999996,2,3
2021-12-06,186.266415,4,3
2021-12-06,18.421544,20,3
2021-12-06,950.4601640000001,26,3
2021-12-06,2858.959409,502,4
2021-12-06,851.7121620000001,745,2
2021-12-07,1848.3141220000002,0,1
2021-12-07,198.366454,2,3
2021-12-07,14.714073,4,3
2021-12-07,6.683667000000003,20,3
2021-12-07,281.604147,26,3
2021-12-07,897.2447429999999,502,4
2021-12-07,573.041712,745,2
2021-12-08,611.87669,0,1
2021-12-08,107.254469,2,3
2021-12-08,73.62798,4,3
2021-12-08,470.24372400000004,26,3
2021-12-08,3726.1277539999996,502,4
2021-12-08,816.6152819999999,745,2
2021-12-09,1142.6718739999997,0,1
2021-12-09,37.71695299999999,4,3
2021-12-09,18.013189,20,3
2021-12-09,631.2731220000001,26,3
2021-12-09,2873.786107000001,502,4
2021-12-09,349.77298200000007,745,2
2021-12-10,1242.9761679999997,0,1
2021-12-10,119.53199599999999,2,3
2021-12-10,186.416167,4,3
2021-12-10,731.815782,26,3
2021-12-10,6312.154213000001,502,4
2021-12-10,722.891889,745,2
2021-12-11,1274.498387,502,4
2021-12-11,21.87555,745,2
2021-12-12,1.202429,0,1
2021-12-12,7.748986,745,2
2021-12-13,478.1025770000001,0,1
2021-12-13,361.30882699999995,2,3
2021-12-13,4.146307,20,3
2021-12-13,1149.6932639999998,26,3
2021-12-13,1734.6929999999998,502,4
2021-12-13,692.6438090000001,745,2
2021-12-14,2351.0567229999997,0,1
2021-12-14,183.499456,2,3
2021-12-14,57.722501,4,3
2021-12-14,95.88692,20,3
2021-12-14,997.6669059999999,26,3
2021-12-14,5496.894604,502,4
2021-12-14,677.4311710000001,745,2
2021-12-15,617.9852960000001,0,1
2021-12-15,228.18352,2,3
2021-12-15,43.249054,4,3
2021-12-15,297.764499,20,3
2021-12-15,755.6700890000001,26,3
2021-12-15,90.688903,102,5
2021-12-15,4598.7651719999985,502,4
2021-12-15,774.8203750000001,745,2
2021-12-16,1305.7987669999998,0,1
2021-12-16,147.665203,2,3
2021-12-16,908.4216709999998,26,3
2021-12-16,1601.870507,102,5
2021-12-16,878.1949060000002,502,4
2021-12-16,1077.695137,745,2
2021-12-16,218.78366900000003,1265,5
2021-12-17,1879.7329079999995,0,1
2021-12-17,255.40236699999997,2,3
2021-12-17,34.467107,20,3
2021-12-17,575.004829,26,3
2021-12-17,1483.412648,102,5
2021-12-17,2382.6620629999998,502,4
2021-12-17,508.9566229999999,745,2
2021-12-17,370.74661199999997,1265,5
2021-12-18,14.25869,0,1
2021-12-18,1282.060997,102,5
2021-12-18,6295.360012,502,4
2021-12-19,1.581355,102,5
2021-12-20,2090.2248699999996,0,1
2021-12-20,234.506992,2,3
2021-12-20,203.338831,4,3
2021-12-20,1299.251707,26,3
2021-12-20,1804.661399,102,5
2021-12-20,540.4461350000001,502,4
2021-12-20,688.2872979999999,745,2
2021-12-20,20.893605,868,5
2021-12-21,2410.8309430000004,0,1
2021-12-21,184.525136,2,3
2021-12-21,879.1026659999999,26,3
2021-12-21,1132.93532,102,5
2021-12-21,786.0161969999999,502,4
2021-12-21,397.13533100000006,745,2
2021-12-21,816.281147,868,5
2021-12-22,1533.4929049999992,0,1
2021-12-22,102.09330599999998,2,3
2021-12-22,811.3252219999999,26,3
2021-12-22,1388.275212,102,5
2021-12-22,4326.895243999999,502,4
2021-12-22,847.7458339999998,745,2
2021-12-22,531.937609,868,5
2021-12-23,1026.5775720000001,0,1
2021-12-23,408.312055,2,3
2021-12-23,576.9301500000001,26,3
2021-12-23,1508.959305,102,5
2021-12-23,2974.70857,502,4
2021-12-23,743.188635,745,2
2021-12-23,420.717449,868,5
2021-12-24,1160.060101,102,5
2021-12-24,4125.099208,502,4
2021-12-24,187.96317500000004,868,5
2021-12-26,99.774482,102,5
2021-12-26,4.059926,745,2
2021-12-27,2.772267,0,1
2021-12-27,8.764737,2,3
2021-12-27,10.177072,20,3
2021-12-27,354.13072000000005,26,3
2021-12-27,1430.684558,102,5
2021-12-27,1697.8857820000003,502,4
2021-12-27,497.0646,745,2
2021-12-27,83.708231,868,5
2021-12-28,27.465117,20,3
2021-12-28,1274.842766,102,5
2021-12-28,796.6367420000001,502,4
2021-12-28,479.244725,745,2
2021-12-28,117.89198900000001,868,5
2021-12-29,58.793191,20,3
2021-12-29,1050.3765740000001,102,5
2021-12-29,561.1692719999999,502,4
2021-12-29,725.1771260000002,745,2
2021-12-29,297.517713,868,5
2021-12-30,16.218972,0,1
2021-12-30,1256.899561,102,5
2021-12-30,5812.235963000001,502,4
2021-12-30,620.5940409999998,745,2
2021-12-30,296.741673,868,5
2021-12-31,1332.041939,102,5
2021-12-31,1528.2504099999999,502,4
2021-12-31,217.04022999999998,745,2
2021-12-31,294.853375,868,5
2022-01-01,98.860164,102,5
2022-01-02,3.922867,0,1
2022-01-02,1.732235,102,5
2022-01-02,32.028351,868,5
2022-01-03,174.15680899999998,0,1
2022-01-03,84.976654,20,3
2022-01-03,1356.146705,102,5
2022-01-03,703.5704250000001,502,4
2022-01-03,705.9427969999999,745,2
2022-01-03,1006.3085550000001,868,5
2022-01-04,747.301625,0,1
2022-01-04,128.59674099999998,20,3
2022-01-04,1176.019301,102,5
2022-01-04,792.1805769999999,502,4
2022-01-04,507.6535039999999,745,2
2022-01-04,352.80235500000003,868,5
2022-01-05,423.44175799999994,0,1
2022-01-05,7.816077,2,3
2022-01-05,17.36671,20,3
2022-01-05,216.27807,26,3
2022-01-05,1305.993027,102,5
2022-01-05,1029.4905670000003,502,4
2022-01-05,613.430454,745,2
2022-01-05,224.352983,868,5
2022-01-06,1793.9917910000001,0,1
2022-01-06,96.89785299999998,102,5
2022-01-06,360.289827,502,4
2022-01-06,441.061632,745,2
2022-01-06,16.283936,868,5
2022-01-07,1260.937175,0,1
2022-01-07,29.658286999999998,20,3
2022-01-07,1123.3714810000001,102,5
2022-01-07,2324.498468,502,4
2022-01-07,428.342001,745,2
2022-01-07,461.084311,868,5
2022-01-08,186.394228,20,3
2022-01-08,1129.420087,102,5
2022-01-08,965.659627,502,4
2022-01-08,83.377427,745,2
2022-01-08,597.363718,868,5
2022-01-09,96.533549,102,5
2022-01-09,15.213201000000002,868,5
2022-01-09,1.273838,1265,5
2022-01-10,1042.140657,0,1
2022-01-10,21.848015,20,3
2022-01-10,60.033688999999995,26,3
2022-01-10,1259.956822,102,5
2022-01-10,572.635109,502,4
2022-01-10,107.03879599999993,745,2
2022-01-10,411.324575,868,5
2022-01-10,270.68616,1265,5
2022-01-11,1323.5480230000003,0,1
2022-01-11,161.805698,20,3
2022-01-11,256.21496599999995,26,3
2022-01-11,1247.577077,102,5
2022-01-11,1943.3132259999993,502,4
2022-01-11,280.343343,745,2
2022-01-11,321.01442,868,5
2022-01-11,131.778324,1251,5
2022-01-11,220.34818700000005,1265,5
2022-01-12,1282.0531179999998,0,1
2022-01-12,115.756834,4,3
2022-01-12,932.698492,26,3
2022-01-12,1189.542428,102,5
2022-01-12,547.620193,502,4
2022-01-12,542.10412,745,2
2022-01-12,541.9750860000001,868,5
2022-01-12,218.73627300000004,1251,5
2022-01-12,292.62253799999996,1265,5
2022-01-13,1826.5491710000006,0,1
2022-01-13,13.693085,2,3
2022-01-13,42.090744,20,3
2022-01-13,799.59564,26,3
2022-01-13,1228.9742439999998,102,5
2022-01-13,2502.5225320000004,502,4
2022-01-13,483.70869199999987,745,2
2022-01-13,637.035347,868,5
2022-01-13,185.03801400000003,1251,5
2022-01-13,442.61283000000003,1265,5
2022-01-14,1122.533163,0,1
2022-01-14,449.380985,2,3
2022-01-14,63.952833999999996,20,3
2022-01-14,386.19602699999996,26,3
2022-01-14,1301.606882,102,5
2022-01-14,5014.016709999999,502,4
2022-01-14,437.423455,745,2
2022-01-14,731.6740980000001,868,5
2022-01-14,243.25256700000006,1251,5
2022-01-14,391.412084,1265,5
2022-01-15,1117.291244,102,5
2022-01-15,918.4484139999995,502,4
2022-01-15,20.132625,745,2
2022-01-15,358.977215,868,5
2022-01-16,104.399171,102,5
2022-01-16,21.392989999999998,868,5
2022-01-16,2.343815,1251,5
2022-01-17,1234.5180180000002,0,1
2022-01-17,11.04415,2,3
2022-01-17,49.13374,4,3
2022-01-17,5.983737,20,3
2022-01-17,754.178036,26,3
2022-01-17,1191.698009,102,5
2022-01-17,514.3606909999999,502,4
2022-01-17,304.16155900000007,745,2
2022-01-17,383.31763299999994,868,5
2022-01-17,192.43420799999996,1251,5
2022-01-17,80.61542299999999,1265,5
2022-01-18,2363.5747380000003,0,1
2022-01-18,94.202065,2,3
2022-01-18,73.33622100000001,20,3
2022-01-18,894.7900239999999,26,3
2022-01-18,1208.894213,102,5
2022-01-18,2880.657366,502,4
2022-01-18,545.1443050000001,745,2
2022-01-18,684.002196,868,5
2022-01-18,230.96676100000002,1251,5
2022-01-18,915.7641199999999,1265,5
2022-01-19,567.56646,0,1
2022-01-19,193.82237399999997,2,3
2022-01-19,673.947375,26,3
2022-01-19,1197.3241430000003,102,5
2022-01-19,3045.5549049999995,502,4
2022-01-19,275.231011,745,2
2022-01-19,657.399857,868,5
2022-01-19,151.939174,1251,5
2022-01-19,581.0536060000001,1265,5
2022-01-20,3080.946859999999,0,1
2022-01-20,30.110863,2,3
2022-01-20,1225.469936,26,3
2022-01-20,911.4936759999999,102,5
2022-01-20,3279.281624,502,4
2022-01-20,199.737281,745,2
2022-01-20,734.0489370000001,868,5
2022-01-20,268.319429,1251,5
2022-01-20,292.89028,1265,5
2022-01-21,1419.609837,0,1
2022-01-21,64.718097,4,3
2022-01-21,968.6002900000001,26,3
2022-01-21,1001.751767,102,5
2022-01-21,2476.73514,502,4
2022-01-21,338.2957919999999,745,2
2022-01-21,188.45797100000001,868,5
2022-01-21,179.42701400000004,1251,5
2022-01-21,133.10300100000018,1265,5
2022-01-22,786.0135719999997,0,1
2022-01-22,1321.2308070000001,102,5
2022-01-22,2738.317046,502,4
2022-01-22,303.54701900000003,868,5
2022-01-23,94.59530600000001,102,5
2022-01-23,2.2920350000000003,1251,5
2022-01-24,725.6310830000002,0,1
2022-01-24,83.79864500000001,20,3
2022-01-24,1151.6305780000002,26,3
2022-01-24,1327.276231,102,5
2022-01-24,226.29297000000003,502,4
2022-01-24,144.244375,745,2
2022-01-24,519.1522590000001,868,5
2022-01-24,229.99045600000005,1251,5
2022-01-24,326.171449,1265,5
2022-01-25,2167.112916,0,1
2022-01-25,97.34295900000001,2,3
2022-01-25,247.705483,4,3
2022-01-25,93.11496500000001,20,3
2022-01-25,1316.4247659999999,26,3
2022-01-25,1667.009096,102,5
2022-01-25,6284.816186,502,4
2022-01-25,234.41132799999997,745,2
2022-01-25,459.396404,868,5
2022-01-25,317.500769,1251,5
2022-01-25,492.40638499999994,1265,5
2022-01-26,1298.2580280000002,0,1
2022-01-26,66.624684,2,3
2022-01-26,1277.536695,26,3
2022-01-26,1602.774279,102,5
2022-01-26,2489.529673,502,4
2022-01-26,686.8024120000001,745,2
2022-01-26,260.45650100000006,868,5
2022-01-26,325.41997100000003,1251,5
2022-01-26,349.4422309999999,1265,5
2022-01-27,2465.866868,0,1
2022-01-27,6.563603,4,3
2022-01-27,531.9251770000001,20,3
2022-01-27,771.272673,26,3
2022-01-27,1385.498007,102,5
2022-01-27,6015.163822,502,4
2022-01-27,340.965098,745,2
2022-01-27,630.675932,868,5
2022-01-27,150.268237,1251,5
2022-01-27,326.018667,1265,5
2022-01-28,1888.20693,0,1
2022-01-28,55.728702,4,3
2022-01-28,39.819173000000006,20,3
2022-01-28,847.437152,26,3
2022-01-28,1706.868138,102,5
2022-01-28,3861.9745280000006,502,4
2022-01-28,477.75149,745,2
2022-01-28,481.43855399999995,868,5
2022-01-28,168.08845999999994,1251,5
2022-01-28,338.552614,1265,5
2022-01-29,171.20772599999998,0,1
2022-01-29,1621.582449,102,5
2022-01-29,298.12062199999997,502,4
2022-01-29,165.66818899999998,868,5
2022-01-30,99.943159,102,5
2022-01-30,13.646138999999998,868,5
2022-01-31,1125.863532,0,1
2022-01-31,57.794394999999994,2,3
2022-01-31,1015.011368,26,3
2022-01-31,1429.509796,102,5
2022-01-31,1762.183634,502,4
2022-01-31,469.0878509999999,745,2
2022-01-31,610.588503,868,5
2022-01-31,180.65950599999996,1251,5
2022-01-31,386.567983,1265,5
2022-02-01,2767.5934,0,1
2022-02-01,18.318895,2,3
2022-02-01,180.093282,20,3
2022-02-01,924.7788040000002,26,3
2022-02-01,1373.8592250000002,102,5
2022-02-01,611.1785900000002,502,4
2022-02-01,88.497469,745,2
2022-02-01,219.02333099999998,868,5
2022-02-01,152.298179,1251,5
2022-02-01,497.276298,1265,5
2022-02-02,1311.0452940000005,0,1
2022-02-02,847.5154630000002,26,3
2022-02-02,1864.99005,102,5
2022-02-02,2970.9529649999995,502,4
2022-02-02,305.161292,745,2
2022-02-02,171.38963800000005,868,5
2022-02-02,112.730752,1251,5
2022-02-02,28.08459799999997,1265,5
2022-02-03,3153.111881,0,1
2022-02-03,146.472938,2,3
2022-02-03,1369.452929,26,3
2022-02-03,1135.9686,102,5
2022-02-03,4690.278423,502,4
2022-02-03,334.5613710000001,745,2
2022-02-03,535.199471,868,5
2022-02-03,110.55010400000003,1251,5
2022-02-03,474.127472,1265,5
2022-02-04,1188.479869,0,1
2022-02-04,70.883425,4,3
2022-02-04,59.360609,20,3
2022-02-04,1493.8559,26,3
2022-02-04,1197.2639729999999,102,5
2022-02-04,5199.639495000001,502,4
2022-02-04,649.6107299999999,745,2
2022-02-04,154.31595000000002,868,5
2022-02-04,82.00803499999999,1251,5
2022-02-04,419.881889,1265,5
2022-02-05,129.994105,0,1
2022-02-05,4.89725,4,3
2022-02-05,1955.197483,102,5
2022-02-05,833.0024429999999,502,4
2022-02-05,136.30637099999998,868,5
2022-02-05,29.94293000000002,1251,5
2022-02-06,29.634985999999998,102,5
2022-02-06,14.992146,868,5
2022-02-07,1238.748653,0,1
2022-02-07,20.500218,20,3
2022-02-07,981.559055,26,3
2022-02-07,1465.115012,102,5
2022-02-07,3636.612993999999,502,4
2022-02-07,473.53055900000004,745,2
2022-02-07,474.790115,868,5
2022-02-07,89.133894,1251,5
2022-02-07,611.293141,1265,5
2022-02-08,2185.801786,0,1
2022-02-08,50.55615400000001,4,3
2022-02-08,1097.266188,26,3
2022-02-08,1002.4772909999998,102,5
2022-02-08,1365.4814309999997,502,4
2022-02-08,276.359948,745,2
2022-02-08,708.602308,868,5
2022-02-08,161.5892490000001,1251,5
2022-02-08,256.82548999999995,1265,5
2022-02-09,598.3034039999998,0,1
2022-02-09,211.84155900000002,2,3
2022-02-09,784.2657470000001,26,3
2022-02-09,1191.497782,102,5
2022-02-09,5226.966099,502,4
2022-02-09,534.2449240000001,745,2
2022-02-09,387.97079099999996,868,5
2022-02-09,103.379052,1251,5
2022-02-09,483.773645,1265,5
2022-02-10,275.063634,0,1
2022-02-10,267.32770400000004,2,3
2022-02-10,757.430255,26,3
2022-02-10,1410.878295,102,5
2022-02-10,2941.4894710000003,502,4
2022-02-10,468.98977300000007,745,2
2022-02-10,535.679921,868,5
2022-02-10,130.29123800000002,1251,5
2022-02-10,262.815688,1265,5
2022-02-11,298.23190999999997,2,3
2022-02-11,1.922274,20,3
2022-02-11,1021.8496579999999,26,3
2022-02-11,949.3240069999999,102,5
2022-02-11,2912.4107940000004,502,4
2022-02-11,343.41348899999997,745,2
2022-02-11,116.04641600000002,868,5
2022-02-11,52.361106999999976,1251,5
2022-02-11,273.70266,1265,5
2022-02-12,168.42478599999998,20,3
2022-02-12,1456.2924679999999,102,5
2022-02-12,2992.7916299999997,502,4
2022-02-12,262.986928,745,2
2022-02-12,201.287556,868,5
2022-02-13,6.441749,2,3
2022-02-13,7.816939999999999,102,5
2022-02-13,24.448768,868,5
2022-02-14,105.994446,2,3
2022-02-14,17.761425,20,3
2022-02-14,502.793739,26,3
2022-02-14,1968.408429,102,5
2022-02-14,1621.8236689999999,502,4
2022-02-14,479.808811,745,2
2022-02-14,377.62025499999993,868,5
2022-02-14,196.51201700000001,1251,5
2022-02-14,735.461574,1265,5
2022-02-15,212.86747100000002,2,3
2022-02-15,818.1761819999999,26,3
2022-02-15,910.9214979999999,102,5
2022-02-15,1592.3615249999998,502,4
2022-02-15,421.99709800000005,745,2
2022-02-15,1265.917395,868,5
2022-02-15,226.94280700000002,1251,5
2022-02-15,539.269046,1265,5
2022-02-16,138.73928899999999,2,3
2022-02-16,19.508356,20,3
2022-02-16,805.3964009999999,26,3
2022-02-16,1538.052574,102,5
2022-02-16,2656.007589,502,4
2022-02-16,444.94451399999997,745,2
2022-02-16,786.190302,868,5
2022-02-16,453.24862499999995,1251,5
2022-02-16,496.671631,1265,5
2022-02-17,79.779528,2,3
2022-02-17,13.923553,20,3
2022-02-17,710.8774940000001,26,3
2022-02-17,1307.833169,102,5
2022-02-17,3884.3765569999996,502,4
2022-02-17,702.9833719999999,745,2
2022-02-17,744.85991,868,5
2022-02-17,204.54578199999997,1251,5
2022-02-17,216.70420499999997,1265,5
2022-02-18,626.016644,2,3
2022-02-18,45.968214,20,3
2022-02-18,618.3935740000001,26,3
2022-02-18,1667.933233,102,5
2022-02-18,5138.859478999999,502,4
2022-02-18,358.864243,745,2
2022-02-18,592.32955,868,5
2022-02-18,167.78471000000002,1251,5
2022-02-18,373.73641499999997,1265,5
2022-02-19,1635.8057430000001,102,5
2022-02-19,1074.8740669999997,502,4
2022-02-19,229.24819399999998,868,5
2022-02-20,47.235653000000006,4,3
2022-02-20,1.232375,102,5
2022-02-20,15.496768,868,5
2022-02-21,123.88983000000002,2,3
2022-02-21,126.780502,4,3
2022-02-21,682.8619799999999,26,3
2022-02-21,1882.161774,102,5
2022-02-21,1110.2389990000001,502,4
2022-02-21,542.017334,745,2
2022-02-21,597.4295430000001,868,5
2022-02-21,121.17188699999997,1251,5
2022-02-21,381.9375599999999,1265,5
2022-02-22,223.53222699999998,2,3
2022-02-22,77.01150100000001,20,3
2022-02-22,1255.106019,26,3
2022-02-22,1832.658066,102,5
2022-02-22,1491.199302,502,4
2022-02-22,601.7741429999999,745,2
2022-02-22,584.735664,868,5
2022-02-22,167.878825,1251,5
2022-02-22,305.45212699999996,1265,5
2022-02-23,98.44654299999999,2,3
2022-02-23,322.823224,20,3
2022-02-23,1352.142703,26,3
2022-02-23,2024.7330019999997,102,5
2022-02-23,1727.618395,502,4
2022-02-23,438.60043299999995,745,2
2022-02-23,595.5559370000001,868,5
2022-02-23,164.37127800000002,1251,5
2022-02-23,498.0453289999999,1265,5
2022-02-24,172.84782,2,3
2022-02-24,33.815340000000006,20,3
2022-02-24,1018.2449979999999,26,3
2022-02-24,1427.958142,102,5
2022-02-24,6088.824699000001,502,4
2022-02-24,411.75586999999996,745,2
2022-02-24,520.101163,868,5
2022-02-24,147.07669199999998,1251,5
2022-02-24,621.864908,1265,5
2022-02-25,61.698088,2,3
2022-02-25,640.236266,26,3
2022-02-25,1672.266752,102,5
2022-02-25,2352.7017559999995,502,4
2022-02-25,359.7143040000001,745,2
2022-02-25,734.5758760000001,868,5
2022-02-25,89.00292699999994,1251,5
2022-02-25,100.41173500000002,1265,5
2022-02-26,1097.303601,102,5
2022-02-26,2581.725426,502,4
2022-02-26,7.5831360000000005,745,2
2022-02-26,193.38821100000004,868,5
2022-02-27,24.652366,868,5
2022-02-28,119.001318,2,3
2022-02-28,49.307655,4,3
2022-02-28,166.101966,20,3
2022-02-28,363.83493400000003,26,3
2022-02-28,1685.168712,102,5
2022-02-28,415.5759949999999,502,4
2022-02-28,245.028524,745,2
2022-02-28,420.89011800000003,868,5
2022-02-28,262.345798,1251,5
2022-02-28,289.92345,1265,5
2022-03-01,114.09682699999999,2,3
2022-03-01,754.8036950000001,26,3
2022-03-01,700.164031,102,5
2022-03-01,3316.0106589999996,502,4
2022-03-01,416.0440229999999,745,2
2022-03-01,584.9012469999999,868,5
2022-03-01,155.62104299999996,1251,5
2022-03-01,410.08689000000004,1265,5
2022-03-02,226.756509,2,3
2022-03-02,1025.581318,26,3
2022-03-02,1671.346903,102,5
2022-03-02,2812.190267,502,4
2022-03-02,258.8543280000001,745,2
2022-03-02,650.139134,868,5
2022-03-02,195.89356400000003,1251,5
2022-03-02,305.63654499999996,1265,5
2022-03-03,224.22152300000002,2,3
2022-03-03,866.071519,26,3
2022-03-03,1298.3359759999998,102,5
2022-03-03,2185.6231810000004,502,4
2022-03-03,633.4346820000001,745,2
2022-03-03,412.39620299999996,868,5
2022-03-03,93.54228899999998,1251,5
2022-03-03,445.25210200000004,1265,5
2022-03-04,280.621517,2,3
2022-03-04,142.132098,20,3
2022-03-04,1436.970946,26,3
2022-03-04,1243.863698,102,5
2022-03-04,1845.4069050000003,502,4
2022-03-04,588.972217,745,2
2022-03-04,741.6668410000001,868,5
2022-03-04,97.53222299999999,1251,5
2022-03-04,431.216979,1265,5
2022-03-05,1333.283979,102,5
2022-03-05,3045.8418599999995,502,4
2022-03-05,37.955986,745,2
2022-03-05,209.687291,868,5
2022-03-06,131.469406,102,5
2022-03-06,25.469821,868,5
2022-03-07,303.786762,2,3
2022-03-07,2.623691,4,3
2022-03-07,1173.226558,26,3
2022-03-07,1458.898879,102,5
2022-03-07,5618.237208,502,4
2022-03-07,271.330578,745,2
2022-03-07,387.73592300000007,868,5
2022-03-07,67.61364199999997,1251,5
2022-03-07,387.33407800000003,1265,5
2022-03-08,198.17303099999998,2,3
2022-03-08,78.021984,4,3
2022-03-08,6.953755,20,3
2022-03-08,1456.805341,26,3
2022-03-08,1390.259767,102,5
2022-03-08,1207.989451,502,4
2022-03-08,281.98236599999996,745,2
2022-03-08,354.69689799999986,868,5
2022-03-08,75.87838599999999,1251,5
2022-03-08,552.20786,1265,5
2022-03-09,344.627033,2,3
2022-03-09,116.510898,20,3
2022-03-09,1565.477836,26,3
2022-03-09,1087.4372389999999,102,5
2022-03-09,1751.472342,502,4
2022-03-09,227.7574209999999,745,2
2022-03-09,505.070639,868,5
2022-03-09,332.842515,1265,5
2022-03-10,403.738557,2,3
2022-03-10,709.865544,26,3
2022-03-10,1067.3430629999998,102,5
2022-03-10,4015.3423679999996,502,4
2022-03-10,469.30734399999994,745,2
2022-03-10,511.97109,868,5
2022-03-10,406.67140700000004,1265,5
2022-03-11,477.810701,2,3
2022-03-11,144.64623,4,3
2022-03-11,75.789334,20,3
2022-03-11,1145.297303,26,3
2022-03-11,1177.7181810000002,102,5
2022-03-11,2506.2698,502,4
2022-03-11,262.413411,745,2
2022-03-11,413.923583,868,5
2022-03-11,802.0959089999999,1265,5
2022-03-12,843.0087019999999,102,5
2022-03-12,2678.750296,502,4
2022-03-12,295.55973900000004,868,5
2022-03-13,231.087563,102,5
2022-03-13,24.148842000000002,868,5
2022-03-14,372.713007,2,3
2022-03-14,56.35292200000001,4,3
2022-03-14,386.62614399999995,20,3
2022-03-14,934.885978,26,3
2022-03-14,1198.316272,102,5
2022-03-14,1823.697205,502,4
2022-03-14,473.53935,745,2
2022-03-14,360.35687299999995,868,5
2022-03-14,587.252476,1265,5
2022-03-15,329.65800300000006,2,3
2022-03-15,17.873226999999996,20,3
2022-03-15,1108.6067659999999,26,3
2022-03-15,521.248833,102,5
2022-03-15,686.0022639999997,502,4
2022-03-15,287.54798900000003,745,2
2022-03-15,521.816028,868,5
2022-03-15,423.77994099999995,1265,5
2022-03-16,414.007641,2,3
2022-03-16,152.547334,20,3
2022-03-16,851.6965389999998,26,3
2022-03-16,1053.62275,102,5
2022-03-16,2549.650404,502,4
2022-03-16,282.4397359999999,745,2
2022-03-16,398.36529300000007,868,5
2022-03-16,563.263459,1265,5
2022-03-17,212.61098300000003,2,3
2022-03-17,18.3739,4,3
2022-03-17,788.394785,26,3
2022-03-17,1373.667585,102,5
2022-03-17,2884.0755800000006,502,4
2022-03-17,136.29610699999995,745,2
2022-03-17,444.527838,868,5
2022-03-17,378.47095200000007,1265,5
2022-03-18,411.586046,2,3
2022-03-18,1003.354411,26,3
2022-03-18,1237.421028,102,5
2022-03-18,976.1704030000001,502,4
2022-03-18,147.71063200000003,745,2
2022-03-18,149.20982299999997,868,5
2022-03-18,588.968981,1265,5
2022-03-19,1435.882816,102,5
2022-03-19,2981.289999,502,4
2022-03-19,69.03889900000001,868,5
2022-03-20,11.214609000000001,4,3
2022-03-20,81.69904199999999,102,5
2022-03-20,25.181521,868,5
2022-03-21,87.341535,2,3
2022-03-21,334.52493300000003,26,3
2022-03-21,846.134447,102,5
2022-03-21,4095.2938860000004,502,4
2022-03-21,429.75818,745,2
2022-03-21,1011.271833,868,5
2022-03-21,529.5078970000001,1265,5
2022-03-22,427.74398499999995,102,5
2022-03-22,643.584703,502,4
2022-03-22,308.30246099999994,745,2
2022-03-22,582.752712,868,5
2022-03-22,504.20552,1265,5
2022-03-23,461.31291799999997,102,5
2022-03-23,1771.4476100000002,502,4
2022-03-23,551.22821,745,2
2022-03-23,432.2720539999999,868,5
2022-03-23,391.64654599999994,1265,5
2022-03-24,911.243876,102,5
2022-03-24,747.2425480000002,502,4
2022-03-24,544.87625,745,2
2022-03-24,744.074507,868,5
2022-03-24,366.2141300000003,1251,5
2022-03-24,304.270034,1265,5
2022-03-25,587.735042,102,5
2022-03-25,2424.5204780000004,502,4
2022-03-25,703.7596589999999,745,2
2022-03-25,510.496149,868,5
2022-03-25,87.151679,1251,5
2022-03-25,282.11790600000006,1265,5
2022-03-26,608.355151,102,5
2022-03-26,253.0707880000001,502,4
2022-03-26,32.283606999999996,745,2
2022-03-26,350.054912,868,5
2022-03-27,181.079949,102,5
2022-03-27,23.582774,868,5
2022-03-28,961.031021,102,5
2022-03-28,611.089823,745,2
2022-03-28,271.67694800000004,868,5
2022-03-28,41.75241799999999,1251,5
2022-03-28,452.06389199999995,1265,5
2022-03-29,914.2858349999999,102,5
2022-03-29,574.3889939999999,745,2
2022-03-29,601.322126,868,5
2022-03-29,121.36121600000001,1251,5
2022-03-29,314.962262,1265,5
2022-03-30,947.018725,102,5
2022-03-30,224.00359600000002,745,2
2022-03-30,316.360795,868,5
2022-03-30,145.285088,1251,5
2022-03-30,363.666785,1265,5
2022-03-31,1051.2800399999999,102,5
2022-03-31,282.89927800000004,745,2
2022-03-31,33.00115099999999,1251,5
2022-03-31,232.39262699999998,1265,5
2022-04-01,924.0208379999999,102,5
2022-04-01,105.66175699999997,745,2
2022-04-01,47.13756000000001,1251,5
2022-04-01,388.417422,1265,5
2022-04-02,853.371991,102,5
2022-04-03,1.355612,102,5
2022-04-03,9.013612,1265,5
2022-04-04,1014.785218,102,5
2022-04-04,243.665165,745,2
2022-04-04,165.48262799999998,1251,5
2022-04-04,218.78405600000002,1265,5
2022-04-05,847.2944419999999,102,5
2022-04-05,223.336936,745,2
2022-04-05,165.81298200000003,1251,5
2022-04-05,410.974056,1265,5
2022-04-06,1033.626992,102,5
2022-04-06,314.560855,745,2
2022-04-06,140.649455,1251,5
2022-04-06,414.70075199999997,1265,5
2022-04-07,1142.011312,102,5
2022-04-07,249.47050499999995,745,2
2022-04-07,187.83688800000004,1251,5
2022-04-07,329.71829900000006,1265,5
2022-04-08,1302.8980419999998,102,5
2022-04-08,252.453984,745,2
2022-04-08,135.71317900000003,1251,5
2022-04-08,363.75732200000004,1265,5
2022-04-09,874.290763,102,5
2022-04-09,29.719807,745,2
2022-04-10,16.813882000000007,102,5
2022-04-11,1198.547553,102,5
2022-04-11,124.15657500000003,745,2
2022-04-11,123.19824899999998,1251,5
2022-04-11,377.85341500000004,1265,5
2022-04-12,1139.350529,102,5
2022-04-12,174.932525,1251,5
2022-04-12,8.795847000000037,1265,5
2022-04-13,1186.885613,102,5
2022-04-13,159.60137899999995,1251,5
2022-04-13,170.40331799999998,1265,5
2022-04-14,1540.057424,102,5
2022-04-14,83.37232700000004,1251,5
2022-04-14,346.46517100000005,1265,5
2022-04-15,5.5549,102,5
2022-04-16,1322.318822,102,5
2022-04-17,197.001421,102,5
2022-04-18,24.822559,102,5
2022-04-18,101.867858,868,5
2022-04-18,60.00970699999999,1251,5
2022-04-19,578.755668,102,5
2022-04-19,10.628367,868,5
2022-04-19,38.15250899999995,1251,5
2022-04-19,543.317279,1265,5
2022-04-20,665.4973479999999,102,5
2022-04-20,2.20289200000002,868,5
2022-04-20,280.63027800000003,1251,5
2022-04-20,404.508676,1265,5
2022-04-21,136.704322,102,5
2022-04-21,102.023344,868,5
2022-04-21,182.16372,1251,5
2022-04-21,295.58591199999995,1265,5
2022-04-22,449.3668,102,5
2022-04-22,10.657161,868,5
2022-04-22,121.41010300000005,1251,5
2022-04-22,338.15076799999997,1265,5
2022-04-23,1137.591637,102,5
2022-04-23,74.85764000000017,868,5
2022-04-24,10.510889,102,5
2022-04-24,5.083720000000014,1251,5
2022-04-25,923.343329,102,5
2022-04-25,108.71997099999999,1251,5
2022-04-25,208.457451,1265,5
2022-04-26,525.4124090000001,102,5
2022-04-26,173.846991,1251,5
2022-04-26,335.162031,1265,5
2022-04-27,234.27041900000006,102,5
2022-04-27,215.785988,868,5
2022-04-27,94.869303,1251,5
2022-04-27,387.47542100000004,1265,5
2022-04-28,883.9646849999999,102,5
2022-04-28,328.8320490000001,868,5
2022-04-28,120.85275799999994,1251,5
2022-04-28,255.7178639999999,1265,5
2022-04-29,785.744777,102,5
2022-04-29,74.07552500000003,1251,5
2022-04-29,289.755847,1265,5
2022-04-30,808.000413,102,5
2022-04-30,29.876597000000004,1251,5
2022-05-01,38.839924999999994,102,5
2022-05-02,438.58252899999997,102,5
2022-05-02,200.84882900000002,1251,5
2022-05-02,144.05436100000003,1265,5
2022-05-03,600.1109309999999,102,5
2022-05-03,128.88918599999994,1251,5
2022-05-03,388.1840490000001,1265,5
2022-05-04,401.196068,102,5
2022-05-04,153.796334,1251,5
2022-05-04,380.73711899999995,1265,5
2022-05-05,627.513594,102,5
2022-05-05,202.32005599999997,1251,5
2022-05-05,369.19216900000004,1265,5
2022-05-06,562.5479619999999,102,5
2022-05-06,168.635019,1251,5
2022-05-06,316.160885,1265,5
2022-05-07,686.9804999999999,102,5
2022-05-08,37.24300600000001,102,5
2022-05-08,95.004567,868,5
2022-05-08,25.720912,1251,5
2022-05-09,1096.80117,102,5
2022-05-09,127.97108300000002,1251,5
2022-05-09,280.58112000000006,1265,5
2022-05-10,1088.1706060000001,102,5
2022-05-10,145.312909,1251,5
2022-05-10,93.20667900000001,1265,5
2022-05-11,462.711773,102,5
2022-05-11,67.60880100000003,1251,5
2022-05-11,379.2514080000001,1265,5
2022-05-12,1135.867751,102,5
2022-05-12,135.696079,1251,5
2022-05-12,285.83209100000005,1265,5
2022-05-13,719.158242,102,5
2022-05-13,105.74094500000001,1251,5
2022-05-13,176.34830699999998,1265,5
2022-05-14,417.596669,102,5
2022-05-15,41.22571999999997,102,5
2022-05-16,766.41077,102,5
2022-05-16,26.934815000000015,1251,5
2022-05-16,310.26842400000004,1265,5
2022-05-17,1163.057199,102,5
2022-05-17,123.52641600000004,1251,5
2022-05-17,772.756613,1265,5
2022-05-18,514.409187,102,5
2022-05-18,137.13982299999998,1251,5
2022-05-18,256.46666600000003,1265,5
2022-05-19,524.074802,102,5
2022-05-19,39.86993600000005,1251,5
2022-05-19,559.465899,1265,5
2022-05-20,1151.613766,102,5
2022-05-20,35.70836100000001,1251,5
2022-05-20,305.75371999999993,1265,5
2022-05-21,558.72966,102,5
2022-05-22,14.832262,102,5
2022-05-23,737.895313,102,5
2022-05-23,122.22893299999998,1265,5
2022-05-24,745.949516,102,5
2022-05-24,541.308244,1265,5
2022-05-25,961.961137,102,5
2022-05-25,314.2934849999999,1265,5
2022-05-27,995.841015,102,5
2022-05-27,17.554075,1265,5
2022-05-28,1117.679722,102,5
2022-05-29,41.947516,102,5
2022-05-30,923.098885,102,5
2022-05-30,288.224866,1265,5
2022-05-31,493.77470199999993,102,5
2022-05-31,495.99810899999994,1265,5
2022-06-01,1047.758126,102,5
2022-06-01,257.42146299999996,1265,5
2022-06-02,879.1497880000002,102,5
2022-06-02,618.5417830000001,1265,5
2022-06-03,437.39661799999993,102,5
2022-06-03,386.85725600000006,1265,5
2022-06-04,385.780484,102,5
2022-06-06,41.828563,102,5
2022-06-07,807.773187,102,5
2022-06-07,197.15301799999997,1265,5
2022-06-08,759.1370180000001,102,5
2022-06-08,156.880023,1265,5
2022-06-09,695.284142,102,5
2022-06-09,301.83306600000003,1265,5
2022-06-10,730.738272,102,5
2022-06-10,329.083266,1265,5
2022-06-11,1128.775966,102,5
2022-06-11,14.158522,1265,5
2022-06-12,21.576922,102,5
2022-06-13,632.83244,102,5
2022-06-13,277.01477399999993,1265,5
2022-06-14,607.499668,102,5
2022-06-14,578.538442,1265,5
2022-06-15,821.425328,102,5
2022-06-15,568.018802,1265,5
2022-06-16,21.001046000000002,102,5
2022-06-17,808.164976,102,5
2022-06-17,497.139405,1265,5
2022-06-18,618.464107,102,5
2022-06-19,13.199078,102,5
2022-06-20,588.867339,102,5
2022-06-20,460.78734,1265,5
2022-06-21,896.608175,102,5
2022-06-21,313.39416500000004,1265,5
2022-06-22,766.8190370000001,102,5
2022-06-22,310.300682,1265,5
2022-06-23,1004.1253370000001,102,5
2022-06-23,442.91190399999994,1265,5
2022-06-24,955.703296,102,5
2022-06-24,340.409079,1265,5
2022-06-25,443.616303,102,5
2022-06-27,622.4906169999999,102,5
2022-06-27,406.546713,868,5
2022-06-27,495.4958610000001,1265,5
2022-06-28,804.3860700000001,102,5
2022-06-28,427.678001,868,5
2022-06-28,415.283715,1265,5
2022-06-29,2808.076571999998,102,5
2022-06-29,9.758892000000003,868,5
2022-06-29,535.1004049999999,1265,5
2022-06-30,440.5303789999999,102,5
2022-06-30,379.6652670000001,1265,5
2022-07-01,346.748459,102,5
2022-07-01,526.626225,1265,5
2022-07-02,698.67508,102,5
2022-07-03,15.403531,102,5
2022-07-04,641.351776,102,5
2022-07-04,631.5231689999998,868,5
2022-07-04,258.85292300000003,1265,5
2022-07-05,601.927478,102,5
2022-07-05,96.75971399999992,868,5
2022-07-05,212.536249,1265,5
2022-07-06,421.163278,102,5
2022-07-06,246.76882400000002,868,5
2022-07-06,343.925712,1265,5
2022-07-07,95.145857,102,5
2022-07-07,180.14332900000005,868,5
2022-07-07,528.589779,1265,5
2022-07-08,254.68335100000004,102,5
2022-07-08,126.20456999999999,868,5
2022-07-08,144.07460299999997,1265,5
2022-07-09,137.379689,102,5
2022-07-09,388.80103299999996,868,5
2022-07-10,40.23168399999997,102,5
2022-07-11,539.504421,102,5
2022-07-11,368.17770700000005,868,5
2022-07-11,233.43707700000004,1265,5
2022-07-12,362.405225,1265,5
2022-07-13,196.02342500000003,1265,5
2022-10-06,320.983577,26,3
2023-06-02,2.865559,809,6
2023-06-23,1.156359,809,6
2023-09-12,485.1400770000001,412,6
2023-09-13,776.3506520000001,412,6
2023-09-13,318.89876,809,6
2023-09-14,1251.449136,412,6
2023-09-14,489.41938100000004,809,6
2023-09-15,1085.873481,412,6
2023-09-15,414.799925,809,6
2023-09-16,378.050938,412,6
2023-09-18,748.9166050000001,412,6
2023-09-18,956.5890210000001,809,6
2023-09-18,325.44819199999995,842,6
2023-09-19,1185.805225,412,6
2023-09-19,978.7581299999999,809,6
2023-09-20,1578.8870200000001,412,6
2023-09-20,2352.369966,809,6
2023-09-20,696.6300160000001,842,6
2023-09-21,1408.798058,412,6
2023-09-21,1878.1004649999998,809,6
2023-09-21,261.293399,842,6
2023-09-22,1196.4177100000002,412,6
2023-09-22,2890.0747279999996,809,6
2023-09-22,147.30595600000004,842,6
2023-09-23,235.01854500000002,809,6
2023-09-25,1289.7868939999998,412,6
2023-09-25,2943.875027,809,6
2023-09-25,95.68334399999998,842,6
2023-09-26,791.5398480000001,412,6
2023-09-26,3923.1456409999996,809,6
2023-09-26,271.073942,842,6
2023-09-27,1275.5864629999999,412,6
2023-09-27,5598.997573999999,809,6
2023-09-27,301.80220099999997,842,6
2023-09-28,1421.4826560000001,412,6
2023-09-28,7289.025399,809,6
2023-09-28,1898.9891670000002,842,6
2023-09-29,2104.1775509999998,412,6
2023-09-29,4387.057202,809,6
2023-09-29,1046.8854900000001,842,6
2023-10-02,712.9028849999999,412,6
2023-10-02,4908.682921,809,6
2023-10-02,1984.0297959999998,842,6
2023-10-04,1872.682316,412,6
2023-10-04,5236.754349999999,809,6
2023-10-04,2077.015356,842,6
2023-10-05,1847.2126049999997,412,6
2023-10-05,6591.738488000001,809,6
2023-10-05,1049.329044,842,6
2023-10-06,1251.080012,412,6
2023-10-06,4106.006915,809,6
2023-10-06,663.99379,842,6
2023-10-07,163.91443999999998,809,6
2023-10-09,1215.376419,412,6
2023-10-09,6544.428135999999,809,6
2023-10-09,2025.80254,842,6
2023-10-10,1421.325365,412,6
2023-10-10,5061.776727,809,6
2023-10-10,1439.677156,842,6
2023-10-11,2665.0862880000004,412,6
2023-10-11,3651.5081099999998,809,6
2023-10-11,1457.0754350000002,842,6
2023-10-12,5384.248437,412,6
2023-10-12,4381.9648210000005,809,6
2023-10-12,1991.2918330000002,842,6
2023-10-13,4488.939188,412,6
2023-10-13,4553.626267,809,6
2023-10-13,2069.6758470000004,842,6
2023-10-14,258.49940699999996,412,6
2023-10-15,337.669478,412,6
2023-10-16,3600.90968,412,6
2023-10-16,2459.268482,809,6
2023-10-16,1793.9127339999998,842,6
2023-10-17,5425.085875,412,6
2023-10-17,4021.761574,809,6
2023-10-17,2033.18898,842,6
2023-10-18,6952.846573999999,412,6
2023-10-18,2958.8931700000003,809,6
2023-10-18,861.5963889999999,842,6
2023-10-19,5112.678863000001,412,6
2023-10-19,3261.0585429999996,809,6
2023-10-19,849.6813569999999,842,6
2023-10-20,5591.147825999999,412,6
2023-10-20,3420.8288780000003,809,6
2023-10-20,829.690934,842,6
2023-10-21,210.55600400000003,412,6
2023-10-22,23.809311,809,6
2023-10-23,3714.5123009999998,412,6
2023-10-23,3770.647075,809,6
2023-10-23,1573.5206819999999,842,6
2023-10-24,4037.320471,412,6
2023-10-24,2121.820216,809,6
2023-10-24,1513.095377,842,6
2023-10-25,4067.319896,412,6
2023-10-25,3741.638129,809,6
2023-10-25,1255.187641,842,6
2023-10-26,3768.702015,412,6
2023-10-26,3567.694948,809,6
2023-10-26,770.032698,842,6
2023-10-27,4570.927597999999,412,6
2023-10-27,3055.424395,809,6
2023-10-27,367.1221259999999,842,6
2023-10-28,719.907228,412,6
2023-10-30,2785.251469,412,6
2023-10-30,2104.2939129999995,809,6
2023-10-30,782.881269,842,6
2023-10-31,2986.971179,412,6
2023-10-31,2180.335832,809,6
2023-10-31,583.0022060000001,842,6
2023-11-01,143.58747300000002,412,6
2023-11-02,4381.88306,412,6
2023-11-02,1836.696547,809,6
2023-11-02,790.6062520000002,842,6
2023-11-03,2338.4392660000003,412,6
2023-11-03,1407.2275690000001,809,6
2023-11-03,643.709826,842,6
2023-11-04,99.294261,412,6
2023-11-05,2.039753,809,6
2023-11-06,3136.400052,412,6
2023-11-06,1350.097512,809,6
2023-11-06,2151.34472,842,6
2023-11-07,4031.5640510000003,412,6
2023-11-07,1982.4188159999999,809,6
2023-11-07,1156.19083,842,6
2023-11-08,2676.05523,412,6
2023-11-08,3412.1573390000003,809,6
2023-11-08,1075.219266,842,6
2023-11-09,2227.6988790000005,412,6
2023-11-09,1109.6804780000002,809,6
2023-11-09,470.488694,842,6
2023-11-10,2662.4856440000003,412,6
2023-11-10,1225.855423,809,6
2023-11-10,586.5259680000001,842,6
2023-11-11,220.51016900000002,412,6
2023-11-11,5.391952000000001,809,6
2023-11-12,174.732055,412,6
2023-11-13,3360.8282449999997,412,6
2023-11-13,780.3147019999999,809,6
2023-11-13,778.7231119999999,842,6
2023-11-14,1628.1875909999999,412,6
2023-11-14,1884.4594899999997,809,6
2023-11-14,663.953404,842,6
2023-11-15,2272.868316,412,6
2023-11-15,1603.3526359999998,809,6
2023-11-15,22.631086000000003,842,6
2023-11-16,2759.768538,412,6
2023-11-16,768.1264100000001,809,6
2023-11-16,699.4326289999999,842,6
2023-11-17,2415.803769,412,6
2023-11-17,2430.596703,809,6
2023-11-17,424.925223,842,6
2023-11-20,2649.171469,412,6
2023-11-20,1214.9551729999998,809,6
2023-11-20,1711.860305,842,6
2023-11-21,2529.1848259999997,412,6
2023-11-21,519.330449,809,6
2023-11-21,501.45165700000007,842,6
2023-11-22,2258.8233279999995,412,6
2023-11-22,561.667185,809,6
2023-11-22,1214.244967,842,6
2023-11-23,1794.302506,412,6
2023-11-23,1633.031172,809,6
2023-11-23,1453.2268740000002,842,6
2023-11-24,1497.3679719999998,412,6
2023-11-24,984.8861939999999,809,6
2023-11-24,1315.7548259999999,842,6
2023-11-27,2475.3865739999997,412,6
2023-11-27,628.3536939999999,809,6
2023-11-27,1542.99867,842,6
2023-11-28,1568.1344279999998,412,6
2023-11-28,302.942239,809,6
2023-11-28,1051.974352,842,6
2023-11-29,1561.011101,412,6
2023-11-29,357.44108800000004,809,6
2023-11-29,941.5867959999998,842,6
2023-11-30,1168.649971,412,6
2023-11-30,3466.65114,809,6
2023-11-30,1634.1978720000002,842,6
2023-12-01,1573.5406369999998,412,6
2023-12-01,111.19040300000002,809,6
2023-12-01,1161.0881089999998,842,6
2023-12-04,1815.183038,412,6
2023-12-04,524.3318830000001,809,6
2023-12-04,490.02254700000003,842,6
2023-12-05,716.590756,412,6
2023-12-05,470.969778,809,6
2023-12-05,943.5016880000002,842,6
2023-12-06,934.985495,412,6
2023-12-06,221.86695099999997,809,6
2023-12-06,965.298497,842,6
2023-12-07,1164.0852810000001,412,6
2023-12-07,219.85467999999992,809,6
2023-12-07,1192.3469380000001,842,6
2023-12-08,1077.4377919999997,412,6
2023-12-08,305.662727,809,6
2023-12-08,700.063541,842,6
2023-12-11,974.3622649999999,412,6
2023-12-11,480.9559489999999,809,6
2023-12-11,926.571245,842,6
2023-12-12,586.5577969999999,412,6
2023-12-12,174.168997,809,6
2023-12-12,817.18335,842,6
2023-12-13,1669.318495,412,6
2023-12-13,1585.1105369999996,809,6
2023-12-13,685.736022,842,6
2023-12-14,1328.1336709999998,412,6
2023-12-14,274.86088600000005,809,6
2023-12-14,218.88832499999995,842,6
2023-12-15,566.3783360000001,412,6
2023-12-15,248.53277799999998,809,6
2023-12-15,855.886796,842,6
2023-12-17,4.629278999999997,412,6
2023-12-18,882.373613,412,6
2023-12-18,417.441387,809,6
2023-12-18,90.12959599999999,842,6
2023-12-19,719.708856,412,6
2023-12-19,13.561369,809,6
2023-12-19,315.99034900000004,842,6
2023-12-20,928.009254,412,6
2023-12-20,332.0132909999999,809,6
2023-12-20,199.49913799999996,842,6
2023-12-21,1161.504473,412,6
2023-12-21,1121.7055569999998,809,6
2023-12-21,283.52764199999996,842,6
2023-12-22,803.677901,412,6
2023-12-22,159.474177,809,6
2023-12-22,102.05508400000001,842,6
2023-12-27,781.40385,412,6
2023-12-27,151.005916,809,6
2023-12-27,494.34066600000006,842,6
2023-12-28,522.509301,412,6
2023-12-28,151.651726,809,6
2023-12-28,182.37703400000004,842,6
2023-12-29,74.45245599999998,412,6
2023-12-29,206.41277,809,6
2024-01-02,318.08571499999994,412,6
2024-01-02,271.102925,809,6
2024-01-02,302.46475300000003,842,6
2024-01-03,491.64889800000003,412,6
2024-01-03,37.725323,809,6
2024-01-03,136.345308,842,6
2024-01-04,289.5357929999999,412,6
2024-01-04,186.72856800000005,842,6
2024-01-05,281.16986499999996,412,6
2024-01-05,174.13495699999999,809,6
2024-01-05,199.08775000000003,842,6
2024-01-08,399.18456100000003,412,6
2024-01-08,121.251011,809,6
2024-01-08,203.53550599999994,842,6
2024-01-09,1112.214533,412,6
2024-01-09,866.582356,842,6
2024-01-10,1133.820296,412,6
2024-01-10,27.26761,809,6
2024-01-10,159.32237899999996,842,6
2024-01-11,142.56330400000002,412,6
2024-01-11,13.687505000000016,809,6
2024-01-11,311.470052,842,6
2024-01-12,63.55207,412,6
2024-01-12,220.38485400000005,842,6
2024-01-15,821.3452530000002,412,6
2024-01-15,76.47877399999993,809,6
2024-01-15,412.585146,842,6
2024-01-16,1397.115293,412,6
2024-01-16,116.00370100000009,809,6
2024-01-16,151.38742499999995,842,6
2024-01-17,450.97281699999996,412,6
2024-01-17,161.31854900000002,809,6
2024-01-18,594.566505,412,6
2024-01-18,2046.197653,809,6
2024-01-18,32.996543,842,6
2024-01-19,106.012419,412,6
2024-01-22,602.5754130000001,412,6
2024-01-23,277.30801700000006,412,6
2024-01-24,801.202758,412,6
2024-01-25,144.12679,412,6
2024-01-25,18.875709,809,6
2024-01-26,282.24591,809,6
2024-01-29,3.2398299999999978,412,6
2024-01-29,104.96565000000004,809,6
2024-01-30,61.928943,412,6
2024-02-01,10.102808,842,6
2024-02-02,38.718688,412,6
2024-02-02,583.279848,809,6
2024-02-06,4.586606,809,6
